1, 16:21:16 
1, 16:21:16 
1, 16:21:16 
1, 16:21:16 
1, 16:21:21 
1, 16:21:21 
1, 16:21:21 
1, 16:21:21 
1, 16:21:21 
1, 16:21:21 
1, 16:21:18 
1, 16:21:18 
1, 16:21:18 
1, 16:21:18 
1, 16:21:18 
1, 16:21:18 
1, 16:21:19 
1, 16:21:19 
1, 16:21:19 
1, 16:21:19 
1, 16:21:19 
1, 16:21:10 
1, 16:21:10 
1, 16:21:10 
1, 16:21:10 
1, 16:21:10 
1, 16:21:10 
1, 16:21:21 
1, 16:21:21 
1, 16:21:21 
1, 16:21:21 
1, 16:21:21 
1, 16:21:21 
1, 16:21:21 
1, 16:21:21 
1, 16:21:21 
1, 16:21:21 
1, 16:21:21 
1, 16:21:13 
1, 16:21:13 
1, 16:21:13 
1, 16:21:13 
1, 16:21:13 
1, 16:21:13 
1, 16:21:14 
1, 16:21:14 
1, 16:21:14 
1, 16:21:14 
1, 16:21:14 
1, 16:21:15 
1, 16:21:15 
1, 16:21:15 
1, 16:21:15 
1, 16:21:15 
1, 16:21:16 
1, 16:21:16 
1, 16:21:16 
1, 16:21:16 
1, 16:21:16 
1, 16:21:16 
1, 16:21:21 
1, 16:21:21 
1, 16:21:21 
1, 16:21:21 
1, 16:21:21 
1, 16:21:21 
1, 16:21:18 
1, 16:21:18 
1, 16:21:18 
1, 16:21:18 
1, 16:21:18 
1, 16:21:19 
1, 16:21:19 
1, 16:21:19 
1, 16:21:19 
1, 16:21:19 
1, 16:21:19 
1, 16:21:30 
1, 16:21:30 
1, 16:21:30 
1, 16:21:30 
1, 16:21:30 
1, 16:21:31 
1, 16:21:31 
1, 16:21:31 
1, 16:21:31 
1, 16:21:31 
1, 16:21:31 
1, 16:21:31 
1, 16:21:31 
1, 16:21:31 
1, 16:21:31 
1, 16:21:31 
1, 16:21:31 
1, 16:21:33 
1, 16:21:33 
1, 16:21:33 
1, 16:21:33 
1, 16:21:33 
1, 16:21:34 
1, 16:21:34 
1, 16:21:34 
1, 16:21:34 
1, 16:21:34 
1, 16:21:34 
1, 16:21:35 
1, 16:21:35 
1, 16:21:35 
1, 16:21:35 
1, 16:21:35 
1, 16:21:35 
1, 16:21:36 
1, 16:21:36 
1, 16:21:36 
1, 16:21:36 
1, 16:21:36 
1, 16:21:36 
1, 16:21:31 
1, 16:21:31 
4, 16:23:46 
1, 16:23:46 
4, 16:23:46 
4, 16:23:47 
4, 16:23:47 
4, 16:23:47 
4, 16:23:47 
4, 16:23:47 
4, 16:23:47 
4, 16:23:48 
4, 16:23:48 
4, 16:23:48 
4, 16:23:48 
4, 16:23:48 
4, 16:23:49 
4, 16:23:49 
4, 16:23:49 
4, 16:23:49 
4, 16:23:49 
1, 16:23:49 
4, 16:23:50 
4, 16:23:50 
4, 16:23:50 
4, 16:23:50 
4, 16:23:50 
4, 16:23:50 
4, 16:23:51 
4, 16:23:51 
4, 16:23:51 
4, 16:23:51 
4, 16:23:51 
4, 16:23:52 
4, 16:23:52 
4, 16:23:52 
4, 16:23:52 
4, 16:23:52 
4, 16:23:52 
4, 16:23:53 
4, 16:23:53 
4, 16:23:53 
4, 16:23:53 
1, 16:39:53 
1, 16:39:53 
1, 16:39:53 
1, 16:39:54 
4, 16:39:54 
10, 16:39:54 
10, 16:39:54 
10, 16:39:54 
10, 16:39:54 
10, 16:39:55 
10, 16:39:55 
10, 16:39:55 
10, 16:39:55 
10, 16:39:55 
10, 16:39:56 
10, 16:39:56 
10, 16:39:56 
10, 16:39:56 
10, 16:39:56 
10, 16:39:56 
10, 16:39:57 
10, 16:39:57 
10, 16:39:57 
10, 16:39:57 
10, 16:39:57 
10, 16:39:57 
10, 16:39:58 
10, 16:39:58 
10, 16:39:58 
10, 16:39:58 
10, 16:39:58 
10, 16:39:59 
10, 16:39:59 
10, 16:39:59 
10, 16:39:59 
10, 16:39:59 
10, 16:39:59 
10, 16:40:00 
10, 16:40:00 
10, 16:40:00 
10, 16:40:00 
10, 16:40:00 
10, 16:40:00 
10, 16:40:01 
10, 16:40:01 
10, 16:40:01 
10, 16:40:01 
10, 16:40:01 
10, 16:40:02 
10, 16:40:02 
10, 16:40:02 
10, 16:40:02 
10, 16:40:02 
10, 16:40:02 
10, 16:40:03 
10, 16:40:03 
10, 16:40:03 
10, 16:40:03 
10, 16:40:03 
10, 16:40:03 
10, 16:40:04 
10, 16:40:04 
10, 16:40:04 
10, 16:40:04 
10, 16:40:04 
10, 16:40:05 
10, 16:40:05 
10, 16:40:05 
10, 16:40:05 
10, 16:40:05 
10, 16:40:05 
10, 16:40:06 
10, 16:40:06 
10, 16:40:06 
10, 16:40:06 
10, 16:40:06 
10, 16:40:07 
10, 16:40:07 
10, 16:40:07 
10, 16:40:07 
10, 16:40:07 
10, 16:40:07 
10, 16:40:08 
10, 16:40:08 
10, 16:40:08 
10, 16:40:08 
10, 16:40:08 
10, 16:40:09 
10, 16:40:09 
10, 16:40:09 
10, 16:40:09 
10, 16:40:09 
10, 16:40:09 
10, 16:40:10 
10, 16:40:10 
10, 16:40:10 
10, 16:40:10 
10, 16:40:10 
10, 16:40:10 
10, 16:40:11 
10, 16:40:11 
10, 16:40:11 
10, 16:40:11 
10, 16:40:11 
